-0.961444,-80.73478
-0.982363,-80.711902
-0.982254,-80.712377
-0.95206294,-80.71157695
0.612822,-80.020938
-0.953881,-80.708898
0.611902,-80.022247
0.612181,-80.022537
0.612237,-80.022306
0.612452,-80.022258
0.612388,-80.022022
-0.952316257,-80.71153199
-0.956562,-80.711357
0.612361,-80.021963
-0.952551424,-80.71082192
0.61309,-80.021228
0.612886,-80.021201
0.612865,-80.021147
0.613125,-80.02112
0.613187,-80.02112
0.612881,-80.020986
0.613176,-80.021169
0.613278,-80.021029
-0.954176,-80.708895
0.612822,-80.020723
0.612801,-80.020707
0.612677,-80.020648
-0.954237,-80.70933
0.612645,-80.020616
-0.954074,-80.709797
-0.954074,-80.709797
-0.95533792,-80.71042623
-0.953881,-80.708898
-0.954409,-80.708887
-0.95374,-80.709393
-0.954297415,-80.70948259
-0.955998,-80.71119
-0.954994,-80.710318
-0.954741,-80.711073
-0.955085,-80.711289
0.612329,-80.020273
-0.95644172,-80.71095642
0.612463,-80.020375
0.612495,-80.020418
0.612876,-80.020627
0.612919,-80.020643
-0.952425,-80.710364
0.612948,-80.021018
0.613503,-80.020568
0.613514,-80.019956
0.613557,-80.020031
0.613734,-80.019811
0.613455,-80.019886
0.613385,-80.020074
0.611942,-80.020241
0.612393,-80.020487
0.611741,-80.022537
-0.953166,-80.711757
-0.953188,-80.71165
-0.954936,-80.710545
-0.954904,-80.710534
0.615043,-80.022177
-0.954793,-80.71136
0.61758,-80.025187
-0.957829,-80.709021
-0.954857,-80.710534
-0.952474,-80.711682
-0.95372,-80.708807
0.613938,-80.021029
-0.954936,-80.710534
-0.954975,-80.710577
0.615048,-80.021217
0.61507,-80.021201
0.614641,-80.021308
0.611792,-80.020123
0.611366,-80.02068
0.611516,-80.02082
-0.954883,-80.710512
-0.958344,-80.708892
-0.955748,-80.70945
-0.954738,-80.711403
0.615805,-80.022429
0.610953,-80.017977
0.610824,-80.018148
0.610824,-80.017934
0.607976,-80.01493
0.607992,-80.016046
0.608378,-80.016561
0.610937,-80.016325
0.60885,-80.017591
0.608378,-80.016775
0.607992,-80.017033
0.608335,-80.017333
0.611084,-80.016121
-0.955597,-80.713183
0.610714,-80.022402
-0.955225,-80.713156
-0.951963351,-80.71074108
-0.952714354,-80.71177462
0.607949,-80.017033
0.609416,-80.023121
0.617081,-80.024505
0.61456,-80.021646
0.609322,-80.024285
0.960146,-79.652376
0.60932,-80.0244342
-0.600846606,-80.42450294
-0.600819465,-80.42450294
-0.600864701,-80.42452091
-0.9566,-80.72
0.614978,-80.022081
-0.600222332,-80.42411658
-0.600222332,-80.42411658
-0.9524,-80.7104
-0.952617,-80.72773
-0.951699,-80.710391
-0.952321,-80.710732
-0.053042237,-79.44466487
-0.052363965,-79.44538354
-0.053349715,-79.44414385
-0.040571704,-79.49453072
-0.050039663,-79.44414393
-0.049714103,-79.44493445
-0.432328899,-79.07592739
-0.049388523,-79.44488954
-0.049478961,-79.44486259
-0.062963246,-79.44120613
-0.048728291,-79.44362294
-0.061109407,-79.44630856
-0.275493144,-78.96235792
-0.049831664,-79.44456614
-0.049469914,-79.44475479
-0.276298559,-79.07432498
-0.092405162,-79.53939212
-0.061516383,-79.44635346
-0.092875321,-79.53597839
-0.048583608,-79.444423
-0.09824761,-79.53618478
-0.069310973,-79.40977446
-0.092016485,-79.54487206
-0.049008647,-79.44344327
-0.062568435,-79.54914022
-0.054434978,-79.44416179
-0.061872041,-79.54977807
-0.054516374,-79.44419772
-0.067081479,-79.54715474
-0.056117146,-79.44456598
-0.056279936,-79.44456598
-0.056243758,-79.44449411
-0.056216629,-79.44458394
-0.056180462,-79.44488039
-0.057121017,-79.44465579
-0.077012284,-79.55235587
-0.055411681,-79.44290413
-0.077030403,-79.55325422
-0.08225967,-79.36331487
-0.057175239,-79.44314663
-0.058143019,-79.44631763
-0.093562603,-79.53406488
-0.058224415,-79.44636254
-0.083471449,-79.36212012
-0.095922894,-79.52818962
-0.097416806,-79.36804809
-0.975363,-80.70543
-0.068748305,-79.35241039
-0.097812938,-79.52375173
-0.050553559,-79.37903571
-0.09477277,-79.4933163
-0.094809017,-79.49494228
-0.073280549,-79.39275177
-0.094601025,-79.49544535
-0.072041593,-79.39336265
-0.088994162,-79.50675557
-0.092358601,-79.50735732
-0.072168194,-79.39309316
-0.975288,-80.704406
-0.090169974,-79.50860609
-0.090377995,-79.50874981
-0.090902616,-79.51023204
-0.071064885,-79.39349743
-0.090947835,-79.51017814
-0.096627697,-79.51347479
-0.089710784,-79.34719963
-0.941556,-80.731576
-0.976073,-80.70575
-0.976284,-80.705625
-0.068094066,-79.53492821
-0.088010791,-79.35102631
-0.089609735,-79.52076959
-0.069416863,-79.33378941
-0.090043497,-79.51202875
-0.09048671,-79.5132325
-0.063564347,-79.5863771
-0.063682,-79.58618844
-0.06385375,-79.58567637
-0.063211581,-79.58520025
0.614582,-80.024135
-0.23719,-79.166949
-0.045971357,-79.51076345
-0.061176508,-79.58239741
-0.953784704,-80.70124329
-0.06366379,-79.58473309
-0.051336498,-79.59713983
-0.047248452,-79.60014945
-0.04729366,-79.59943076
-0.048820651,-79.52836182
-0.05004,-79.4421
-0.05007,-79.44417
-0.04984,-79.44447
-0.9552,-80.7132
-0.954791665,-80.7104187
-0.954583347,-80.71051788
-0.652672034,-79.34479539
-0.601543331,-80.42561723
-0.656100115,-79.34668972
-0.601335274,-80.42581496
-0.597001678,-80.42432361
-0.597454031,-80.4244314
-0.9565,-80.7149
-0.431316885,-79.43115581
-0.9568,-80.7134
-0.9569,-80.7141
-0.424958162,-79.42659361
-0.601,-80.424
0.61448,-80.020997
0.614775,-80.021222
0.614812,-80.021362
0.611827,-80.020133
0.611942,-80.020219
0.611312,-80.02008
-0.955433,-80.713211
0.611728,-80.019608
0.611122,-80.020498
-0.954228,-80.713136
0.611277,-80.020611
-0.954017,-80.713267
-0.058323891,-79.44612898
-0.300432833,-79.3551378
-0.609386513,-79.2477219
-0.058224409,-79.44612
-0.057175315,-79.44594935
-0.029854524,-79.49777385
-0.030143931,-79.49751333
-0.058305744,-79.44398202
-0.058197224,-79.44419762
-0.036203448,-79.49632745
-0.112356291,-79.36074436
-0.063994202,-79.43979576
-0.039432148,-79.49436006
-0.112365343,-79.36089707
-0.057473717,-79.44427849
-0.039486414,-79.49444989
-0.056560299,-79.44469173
-0.952714,-80.71146
-0.128592856,-79.41588004
-0.107567954,-79.45030419
-0.039368833,-79.49400971
-0.267610891,-79.39880813
-0.954417,-80.713222
-0.040879173,-79.49295864
-0.526688543,-79.12361234
-0.129604486,-79.39587503
-0.043221587,-79.49303944
-0.107567797,-79.44723197
-0.582556591,-79.16466095
-0.058124886,-79.44466474
-0.109589186,-79.36442743
-0.058161066,-79.44485338
-0.095286763,-79.45921603
-0.058278637,-79.44488033
-0.109860452,-79.36370879
-0.077289008,-79.44965872
-0.106026186,-79.36707752
-0.952798,-80.710867
-0.618559742,-79.25883053
-0.260702695,-79.40788182
-0.10375538,-79.35015424
-0.083312107,-79.44650543
-0.057880664,-79.44332627
-0.6180344,-79.25626164
-0.258749337,-79.40851986
-0.060042142,-79.44321841
-0.059879356,-79.44331723
-0.523488496,-79.28358837
-0.61610609,-79.24974082
-0.144806156,-79.38611864
-0.488664679,-79.28843919
-0.551326306,-79.23265809
-0.05296991,-79.44563505
-0.405497154,-79.25702866
-0.953583,-80.711334
-0.053575833,-79.4450152
-0.052987974,-79.44470081
-0.171438225,-79.37042361
-0.064573006,-79.43974184
-0.169286187,-79.37424147
-0.064573006,-79.43974184
-0.260512826,-79.40825913
-0.260512826,-79.40825913
-0.463340136,-79.27315702
-0.319445782,-79.16413406
-0.492753546,-79.4402784
-0.519818441,-79.22385535
-0.052279,-79.259411
-0.289096618,-79.38477387
-0.288843283,-79.38397443
-0.279190999,-79.36406078
-0.050912518,-79.27256572
-0.278838881,-79.36820191
-0.268502402,-79.37017054
-0.474617204,-79.42514565
-0.021323226,-79.24208965
-0.9559,-80.7102
-0.417824264,-79.39030316
-0.010471703,-79.24068852
-0.01919866,-79.29332448
-0.017950727,-79.2960192
-0.09194389,-79.33394119
-0.128374559,-79.39601883
-0.065143667,-79.19739404
-0.024596192,-79.19936208
-0.050311818,-79.1335342
-0.049326151,-79.13183671
-0.308581931,-79.36119098
-0.296846013,-79.37822423
0.608984,-80.023631
-0.953747,-80.7104
-0.9524,-80.7146
-0.954847,-80.711381
0.06986265,-80.05473508
0.072092097,-80.05243012
0.073695696,-80.05256085
-0.9546,-80.7168
0.06814432,-80.05792594
0.068025782,-80.05618924
0.0680924,-80.05816726
0.07407466,-80.05366743
0.074185297,-80.05385168
-0.9558,-80.7134
-0.255061,-79.17882
-2.196765,-79.893951
-0.256939,-79.20457
-0.292327,-79.193187
-0.267533,-79.216404
0.01653,-79.39878
-0.257116,-79.2084
-0.602557,-80.4294343
-0.23618,-79.18941
-0.322644,-78.996366
-0.270476,-79.168167
-0.22329,-79.16625
-0.603201,-80.428899
-0.290064,-79.193916
-0.603224,-80.429034
-0.321799,-78.999081
-0.322644,-78.996366
-0.954771,-80.711398
0.002726,-79.403257
-0.322644,-78.996366
0.002813,-79.3991
-0.24328,-79.16903
-0.954105,-80.713114
-0.952468,-80.710866
-0.95255,-80.711693
-0.406558,-79.304193
-0.406558,-79.304193
-0.952487,-80.711478
-0.954879,-80.710351
-0.430403244,-79.43010495
-0.955061,-80.710588
-0.954283,-80.713184
-0.603062,-80.429375
0.002445,-79.3987
0.002528,-79.3988
0.002325,-79.3989
-0.270773,-79.095297
0.019247,-79.4037
0.01837,-79.4083
0.01884,-79.4082
0.002347,-79.3985
-0.291694,-79.197006
-0.953637,-80.714074
-0.27073,-79.09534
-0.25478751,-79.17912637
0.26657,-79.954564
0.011835,-79.3986
0.017358,-79.4121
0.0150915,-79.4064
0.611025,-80.016271
0.611197,-80.01597
-0.27989837,-79.17433511
-0.245321248,-79.34918973
-0.28214094,-79.17420901
-0.249248601,-79.36913998
-0.249465642,-79.369113
-0.249474682,-79.36908605
-0.252088677,-79.37239141
0.0134015,-79.4061
-0.15208324,-79.46827677
-0.137160408,-79.46366042
-0.13784772,-79.46322919
-0.101584022,-79.51629535
-0.099078918,-79.51915218
-0.108759782,-79.80212752
-0.108395112,-79.53334554
-0.243209,-79.151387
0.0111922,-79.3947
-0.597997,-80.425149
-0.601339,-80.425794
0.00409148,-79.4061
0.000594,-79.3979
0.00047,-79.398
0.0105655,-79.3807
-0.0762743,-79.3782
-0.250631974,-79.36685817
-0.257502,-79.159176
0.608214,-80.023572
0.618889,-80.012746
-0.009595739,-79.48980588
0.614683,-80.014817
-0.193934148,-79.4192526
0.614635,-80.014769
-0.195399294,-79.41987229
-0.241748513,-79.34446526
0.614533,-80.014645
-0.367489116,-79.34992559
-0.368411704,-79.3507698
-0.366602733,-79.34924306
-0.329153924,-79.34951007
-0.350125181,-79.34688353
-0.375128344,-79.43431068
-0.386589593,-79.40072063
0.0085,-79.3837
-0.955804,-80.720056
-0.954097211,-80.71243286
-0.952629,-80.711568
-0.952104,-80.711629
-0.952595,-80.710881
-0.954965293,-80.71243286
-0.95476,-80.710362
-0.952211,-80.711028
-0.954497,-80.710389
-0.951868,-80.710332
-0.952396,-80.710446
0.959607,-79.652209
0.267611,-79.954312
0.267552,-79.954639
0.268137,-79.955186
0.268105,-79.955771
0.069913474,-80.05847663
0.069344286,-80.05807177
0.069875661,-80.05848781
0.075228,-80.050828
0.0082,-79.3857
0.073084,-80.053889
0.070164,-80.053921
0.071107,-80.053601
0.074294,-80.05262
0.071408,-80.052996
0.071365,-80.052803
-0.464192,-80.456046
-0.953622,-80.71085
-0.952114,-80.715352
-0.952017,-80.716081
-0.952114,-80.716462
0.6083,-80.024135
0.610811,-80.020117
-0.466949,-80.454898
-0.465409,-80.454946
-0.464932,-80.453423
-0.950278,-80.726667
-0.950278,-80.726667
-0.970075,-80.717527
-0.961489,-80.728141
-0.963877,-80.735756
-0.961664,-80.729654
-0.961174,-80.730421
-0.960844,-80.728166
-0.953173,-80.710731
-0.96046,-80.73093
-0.955104172,-80.80712082
-0.954999998,-80.7123642
-0.955079,-80.710802
-0.954972,-80.710839
-0.955398,-80.710928
-0.955452,-80.710904
-0.961726,-80.730106
-0.965673,-80.711166
-0.965623,-80.711152
-0.96626,-80.711578
-0.955104172,-80.71232326
-0.204479,-80.261681
-0.695203546,-80.07496688
-0.944583338,-80.6408075
-0.946917498,-80.64086119
-1.872613,-80.73675
-0.947306558,-80.6411937
-0.94681799,-80.64096007
-1.847364264,-80.74513092
-1.848675661,-80.74212763
-0.696301971,-80.09464656
-1.872767339,-80.73665735
-1.811126,-79.768776
-0.206069,-80.264365
-0.206069,-80.264365
-0.46524,-80.455178
-0.464401,-80.4553
-0.464564,-80.455249
-0.46505,-80.455163
-0.465241,-80.45518
-0.46524,-80.455181
-0.464173,-80.456026
-0.464315,-80.45606
-1.809399,-79.770422
-0.695912404,-80.09163624
-0.853945148,-80.1550036
-0.854198261,-80.15417676
-0.85453308,-80.15465299
-0.854026732,-80.15575847
-0.844931011,-80.13684341
-0.843536905,-80.32458214
-0.84860709,-80.15165271
-0.852200857,-80.16248995
-0.203996,-80.26189
-0.459974,-80.453895
-0.460062,-80.45439
-0.461264,-80.454302
-0.461201,-80.454573
-0.46088,-80.455145
-0.461731,-80.454003
-0.689445162,-80.09560041
-0.689997038,-80.09591482
-0.690069375,-80.09574407
-0.847415652,-80.16386595
-0.690512713,-80.09613938
-0.690566971,-80.09604052
-0.690711711,-80.09604948
-0.954854,-80.709536
-0.691715827,-80.09600436
-0.694526928,-80.08435763
0.204742,-79.912164
-0.198300603,-80.26324655
-0.846628454,-80.16309326
-0.845867664,-80.15895952
-0.693505087,-80.0862719
-0.693649804,-80.08616404
-0.693966409,-80.08611006
-0.946474277,-80.6416971
-0.69402067,-80.08602917
-0.94652864,-80.64247004
-0.946944835,-80.64273964
-0.198626308,-80.26390251
-0.947008163,-80.64272165
-0.946338574,-80.64173307
-0.201982475,-80.261557
-0.946537624,-80.64186786
-0.693613586,-80.08599331
-0.693912078,-80.0858315
-0.200048,-80.261398
-0.199835,-80.261381
-0.199942,-80.261365
-0.199819,-80.261097
-0.199706,-80.261161
-0.695893386,-80.08687352
-0.694509067,-80.08554382
-0.461018,-80.453036
-0.460948,-80.452955
-0.460819,-80.453218
-0.460824,-80.453047
-0.925098537,-80.45089202
-0.925433522,-80.45250073
-0.925361133,-80.45241087
-0.92538829,-80.45251871
-0.92436583,-80.45146733
-0.946917601,-80.64184985
-0.925026064,-80.45026291
-0.924184729,-80.45041583
-0.922159104,-80.45606927
-0.924501575,-80.45173694
-0.924066945,-80.44929241
-0.968005482,-80.43657702
-0.968629692,-80.4364421
-0.972456221,-80.43473383
-0.970095701,-80.4389494
-0.94686329,-80.64158022
-0.973696463,-80.43964085
-0.973804801,-80.43830168
-0.972203595,-80.43881424
-0.981856443,-80.43797679
-0.982290948,-80.43949562
-0.982842615,-80.43836309
-0.982951127,-80.43806648
-0.981856443,-80.43797679
-0.98192863,-80.4368713
-0.981820059,-80.43681739
-0.980236803,-80.43647613
-0.979712121,-80.43668293
-0.98326771,-80.43773389
-0.983086739,-80.43753619
-0.983023807,-80.43987298
-0.69469923,-80.08654126
-0.982906355,-80.44080772
-0.982951587,-80.44078973
-0.983765911,-80.44142772
-0.979224909,-80.4445292
-0.975895268,-80.44214803
-0.975660418,-80.44435902
-0.973090542,-80.44094415
-0.976673948,-80.44605752
-0.985838535,-80.44674806
-0.978637387,-80.44768396
-0.979940179,-80.44794439
-0.979795456,-80.44810619
-0.462139,-80.454594
-0.97887224,-80.44548195
-0.978881816,-80.44867256
-0.977542957,-80.44914013
-0.976574925,-80.44903244
-0.975896451,-80.4492842
-0.838453241,-80.17555963
-0.975923591,-80.44927521
-0.976122143,-80.44638116
-0.974927844,-80.4456983
-0.84697226,-80.16329988
-0.846827524,-80.16332687
-0.982698468,-80.44194019
-0.847333927,-80.16244606
-0.846183548,-80.15558942
-0.845723943,-80.16365063
-0.847406731,-80.16444111
-0.847334364,-80.1644591
-0.847686923,-80.1633177
-0.847795463,-80.16324579
-0.694825939,-80.08686474
0.267563,-79.952939
-1.87384381,-80.73575805
-1.873925151,-80.73520956
-1.873925151,-80.73520956
0.268577,-79.953582
-1.874151364,-80.7354433
-0.693930381,-80.08691883
-0.694337521,-80.08724226
0.270041,-79.957091
-0.693441916,-80.08705372
-0.694066131,-80.08721535
-0.198418233,-80.26380368
-0.198201099,-80.26344424
-0.198544857,-80.26318363
-0.198716799,-80.26447762
-0.199286684,-80.26339028
-0.203581,-80.262762
-0.203109,-80.263213
-0.185656,-80.292897
-0.200162,-80.292562
-0.206069,-80.264365
-0.20033,-80.277478
-0.186057,-80.292209
0.269617,-79.95679
-0.96,-80.71
-0.96,-80.71
0.085346,-79.047689
-0.955578,-80.717577
-0.976073,-80.703957
-0.199757134,-80.26402827
0.266898,-79.954521
0.266592,-79.954258
-0.848419916,-80.16442292
-0.583333,-80.41
-0.583095,-80.40684583
-0.291651,-78.461668
-0.58335723,-80.407044
-0.585367,-80.408867
-0.584967,-80.409953
-0.585317,-80.409817
-0.29195,-78.462337
-0.58555,-80.40945
-0.58545,-80.4042
-0.584483,-80.408183
-0.58555,-80.409767
-0.5858,-80.407033
-0.585783,-80.40725
-0.58685,-80.408633
-0.462124527,-80.45298534
-0.461482175,-80.45268883
-0.205285,-80.261436
-0.204899,-80.262337
-0.204384,-80.262551
-0.462694569,-80.45411761
-0.203998,-80.262895
-0.201079,-80.267015
-0.201294,-80.2671
-0.178163,-80.281692
-0.182819,-80.277443
-0.179128,-80.276585
-0.181575,-80.282249
-0.29195,-78.462337
-0.169751,-80.271907
-0.201231741,-80.26516716
-0.201869681,-80.26671231
-0.20646811,-80.26251033
-0.205139049,-80.26109449
-0.502334,-80.421242
-0.204184882,-80.26119706
-0.204530506,-80.2615215
-0.204387127,-80.26146677
-0.502782,-80.421435
-0.502685,-80.421445
-0.206349305,-80.26187935
-0.206032269,-80.26149586
-0.204646291,-80.2611157
-0.95813,-80.70949
-0.204050816,-80.26172231
-0.205978611,-80.2610792
-0.204621397,-80.2618659
-0.646506,-80.295639
-0.205680861,-80.26230339
-0.206194219,-80.26313206
-0.646849,-80.296154
-0.646656,-80.296025
-0.206136877,-80.26328481
-0.646999,-80.296712
-0.850447,-80.155908
0.270052,-79.956683
0.087789,-79.052758
0.270218,-79.956694
-0.602855413,-80.42834908
-0.602728814,-80.4288883
-0.60261122,-80.4290321
-0.602900726,-80.42909498
-0.696337994,-80.09381083
-0.961933,-80.73077
-0.19491,-80.269268
-0.696383093,-80.09312787
-0.696392111,-80.09298409
-0.646355,-80.297174
-0.20911,-80.256543
-0.960714,-80.730689
-0.696419253,-80.09300205
-0.164945,-80.269289
-0.945542099,-80.63857843
-0.960388,-80.731031
-0.958855,-80.705487
-0.966971,-80.714211
-0.209139,-80.256398
-0.16591,-80.269032
-0.603217316,-80.42862763
-0.20915,-80.256618
-0.165331,-80.268559
-0.944411446,-80.64083448
-0.166297,-80.268946
-0.944583305,-80.64049293
-0.165632,-80.268302
-0.162327,-80.264139
-0.603768734,-80.42448466
-0.209386,-80.256452
-0.697124909,-80.09328948
-0.50357,-80.421526
-0.503323,-80.421499
-0.209794,-80.256382
-0.504514,-80.420887
-0.209579,-80.256227
-0.208818,-80.25627
-0.646355,-80.297174
-0.208785,-80.256162
-0.208877,-80.256173
-0.209016,-80.256152
-0.646686,-80.297068
-0.208174,-80.256184
-0.646686,-80.297068
-0.646686,-80.297068
-0.646686,-80.297068
-0.646686,-80.297068
-0.604429161,-80.4245475
-0.604772936,-80.42450253
-0.605008154,-80.42450251
-0.604655324,-80.42447558
-0.504602,-80.420738
-0.504278,-80.421265
-0.504243,-80.421609
-0.504513,-80.421572
-0.504417,-80.421465
-0.504445,-80.42123
-0.504111,-80.421334
-0.646868,-80.297393
-0.646935,-80.296841
-0.945958413,-80.63998947
-0.95952,-80.71688
-0.605062426,-80.42442162
-0.648909,-80.296068
-0.647042,-80.297012
-0.647021,-80.29624
-0.95956,-80.71684
-0.647021,-80.295124
-0.647364,-80.295553
-0.95952,-80.71667
-0.647193,-80.296926
-0.95936,-80.71663
-0.647386,-80.297012
-0.646342,-80.298252
-0.647085,-80.296626
-0.647793,-80.295639
-0.944529,-80.64027723
-0.944601388,-80.64038508
-0.94447,-80.639171
-0.94461044,-80.64043001
-0.701278316,-80.09956111
-0.189549,-80.289717
-0.95813,-80.70949
-0.189728,-80.289953
-0.189624,-80.289781
-0.189653,-80.289862
-0.189457,-80.290092
-0.18944,-80.290455
-0.189033,-80.290566
-0.206033,-80.260588
-0.189313,-80.28998
-0.205024,-80.259751
-0.189559,-80.290044
-0.189268,-80.290267
-0.190235,-80.289781
-0.189196,-80.290187
-0.977885,-80.71939
-0.189938,-80.289626
0.048502,-79.079866
-0.204944,-80.260336
-0.189073,-80.290054
-0.18957,-80.290355
-0.188981,-80.290518
-0.189276,-80.290541
-0.189297,-80.289894
-0.190064,-80.289513
-0.188954,-80.289922
-0.190074,-80.289508
-0.188931,-80.290661
-0.189862,-80.289212
-0.188795,-80.2905
-0.189133,-80.290375
-0.189114,-80.289744
-0.188807,-80.289785
-0.189836,-80.289738
-0.205408,-80.260051
-0.189264,-80.289937
-0.189195,-80.289835
-0.208901,-80.256951
-0.205309,-80.259907
-0.188859,-80.289751
-0.205389,-80.260041
-0.189436,-80.290146
-0.18907,-80.290291
-0.189731,-80.28962
-0.18894,-80.290143
-0.18964,-80.289529
-0.188791,-80.289969
-0.688016231,-80.09750577
-0.208461,-80.257359
-0.208772,-80.257037
-0.503439,-80.420936
-0.503471,-80.420775
-0.208944,-80.256844
-0.503471,-80.4207
-0.208665,-80.257316
-0.9513,-80.64105
-0.690892495,-80.09532156
-0.953057,-80.715528
-0.204609,-80.261564
-0.205028,-80.261607
-0.204724,-80.261607
-0.204804,-80.261521
-0.204761,-80.26165
-0.204418,-80.261822
-0.204975,-80.261393
-0.209952,-80.25768
-0.209518,-80.256479
-0.210011,-80.257423
-0.209764,-80.257316
-0.189085,-80.304909
-0.209759,-80.257766
-0.210194,-80.256876
-0.179128,-80.283451
-0.602475,-80.425047
-0.60304,-80.42426
-0.6035,-80.42433
-0.596858,-80.423433
-0.158572,-80.25856
-0.180759,-80.281477
-0.180759,-80.284653
-0.181017,-80.282249
-0.181875,-80.285854
-0.187553,-80.291449
-0.188456,-80.290692
-0.20267,-80.263249
-0.188524,-80.290522
-0.520429,-80.442549
-0.188698,-80.290707
-0.205533,-80.266113
-0.95996,-80.716906
-0.960141,-80.728415
-0.960811,-80.727761
0.070197566,-80.05624505
-0.201466,-80.263367
-0.956287,-80.722968
0.06995335,-80.0576468
-0.201637,-80.263453
-0.960065,-80.727622
-0.201551,-80.26341
-0.201423,-80.263624
-0.201594,-80.263453
-0.201294,-80.263281
0.069971437,-80.05740419
0.070206625,-80.05687404
-0.522541,-80.442066
-0.522541,-80.441959
-0.696819797,-80.10605906
-0.684958412,-80.09638306
-0.52245,-80.441852
-0.522476,-80.441895
-0.695912404,-80.09163624
-0.945641609,-80.63849753
-0.945795386,-80.63827282
-0.95509455,-80.72129259
-0.522476,-80.441852
-0.955230276,-80.72151727
-0.136605,-80.229549
-0.522038,-80.43854
-0.522162,-80.438497
-0.521802,-80.438261
-0.521583,-80.438068
0.073589704,-80.04962265
0.073444952,-80.04892179
0.073218803,-80.0490386
-0.209043,-80.25738
-0.977308,-80.721775
-0.975375,-80.719047
-0.697531,-80.090381
-0.69761,-80.095484
0.074440026,-80.04928118
0.074412891,-80.04945191
0.074437,-80.049546
-0.955022233,-80.7220296
0.074403847,-80.04953278
-0.955302668,-80.72168804
0.074385745,-80.04905655
-0.957825,-80.723365
0.074105317,-80.04908351
0.073943,-80.04945
-0.955275517,-80.72158019
0.074238,-80.049461
0.075190863,-80.04991914
0.075163724,-80.0498832
0.07542606,-80.04991015
0.075326549,-80.04970348
0.075208949,-80.0496316
-0.956829,-80.722577
-0.965639,-80.709901
-0.956352,-80.722587
-0.955757,-80.721166
-0.95732,-80.723594
0.073209748,-80.04865223
0.073282115,-80.04855338
-0.95179,-80.710339
-0.951934,-80.710346
0.073363534,-80.04876005
0.075037,-80.048978
0.069754288,-80.05522969
0.069763333,-80.05522071
0.069754288,-80.05522969
-0.20938,-80.258356
-0.209311,-80.258453
-0.183888,-80.289749
-0.134321,-80.230038
-1.348824987,-80.57977565
-1.33830406,-80.58418203
-1.348272443,-80.5759015
-1.34734999,-80.57786126
0.618251,-80.012146
0.074810842,-80.04597451
0.07397,-80.045963
0.069048736,-80.05736826
0.069021587,-80.05679319
-0.504871,-80.420458
0.074449072,-80.0492722
0.073779471,-80.04036758
0.071617689,-80.05088066
0.071807653,-80.05075486
0.071581513,-80.05127603
0.072205684,-80.05096152
0.071717207,-80.05144675
0.072187597,-80.05116819
0.073173567,-80.04879599
0.074241028,-80.05000003
0.073309273,-80.04947889
0.071861954,-80.05189602
0.057536,-79.320383
0.071518193,-80.05141081
0.0765477,-80.04667534
0.074476168,-80.04734031
0.075190854,-80.04949682
0.074032884,-80.04608235
0.075453184,-80.04923624
0.072938381,-80.04933513
0.07443999,-80.04764582
0.072838879,-80.04953281
0.074711347,-80.04652263
0.074675162,-80.04645075
0.075389867,-80.0495058
0.075389868,-80.04953276
0.072549398,-80.04920934
0.07256749,-80.04919137
0.075588881,-80.04953275
0.074774675,-80.04673828
0.075679339,-80.04943391
0.076086348,-80.04656753
0.075371722,-80.04709769
0.075245153,-80.05054812
0.075299337,-80.04634291
0.075914486,-80.04713362
0.074304352,-80.05008988
0.074277213,-80.05004496
0.074847048,-80.04698987
0.076294419,-80.04709767
0.076547717,-80.04745708
0.073734386,-80.04710671
0.073906331,-80.0503325
0.074132486,-80.05047626
0.074286269,-80.05049423
0.074440051,-80.0504493
0.074467188,-80.0503864
0.074440048,-80.05027858
0.074005757,-80.04660351
0.074186685,-80.04690003
0.074729462,-80.04755596
-0.200966,-80.266174
-0.188306,-80.294403
-0.18865,-80.294746
-0.201187,-80.26401
0.074322403,-80.04817597
0.074539506,-80.04805915
0.075181774,-80.04798726
0.074449041,-80.04787046
0.073508252,-80.04788845
0.073897227,-80.04764583
0.075227004,-80.0479603
0.075353646,-80.0478345
0.073987696,-80.04802322
0.073499214,-80.04828381
0.073517304,-80.04814903
0.07431336,-80.04829278
-0.949334,-80.725426
0.073716318,-80.04821192
0.075986881,-80.0483197
-0.696109981,-80.08424949
-0.699192848,-80.07479537
-0.665959304,-80.03760815
-0.377079414,-80.27180792
-0.379548813,-80.26808742
-0.696451636,-80.07358276
-1.558179352,-80.811479
-0.382544678,-80.1844174
-0.692492664,-80.09011821
-0.696735471,-80.09095312
-0.971873,-80.719365
-0.965651,-80.713666
-0.461518,-80.453238
-0.605505896,-80.42605717
-0.955194,-80.712605
-0.633441,-80.359908
-0.631431,-80.360147
-0.381007643,-80.19339459
-0.973029,-80.716822
-0.606510104,-80.42612896
-0.955194,-80.712605
-0.954657,-80.712791
-0.952507,-80.709185
-0.603560974,-80.4274683
-0.95593,-80.724854
-0.381441656,-80.19113007
-0.692564974,-80.08981266
-0.954602,-80.711912
-0.601733285,-80.42533862
-0.704071422,-80.13569469
-0.804322122,-80.09436375
-0.606464872,-80.42615592
-0.704253183,-80.09277589
-0.955194,-80.712605
-0.606392495,-80.42612897
-0.704298401,-80.09271298
-0.95358,-80.708978
-0.189342,-80.303364
-0.188827,-80.309372
0.050091,-79.328869
-0.605523984,-80.42600324
-0.601742322,-80.42524875
-0.605451389,-80.42393629
-0.691616462,-80.096751
-0.691544088,-80.0967233
-0.622242826,-80.42847284
-0.693524851,-80.09491668
-0.694692206,-80.09699229
-0.694936029,-80.0947906
-0.694012643,-80.09128613
-0.602683427,-80.42744143
-0.688748775,-80.09648119
-0.688612758,-80.09478282
0.68905585,-80.09389309
-0.694844921,-80.09144773
-0.952705,-80.694644
-0.694970077,-80.08378243
-0.961231,-80.728162
-0.695187249,-80.08411488
-0.69253893,-80.09549199
-0.695259623,-80.08414182
-0.694751152,-80.07451766
-0.959948,-80.728217
-0.960179,-80.728036
-0.662496096,-80.04487856
-0.69461993,-80.09747756
-0.069656007,-80.11809298
-0.599905706,-80.42424242
-0.701408936,-80.07374354
-0.701219005,-80.07393229
-0.686363316,-80.06385267
-0.601,-80.424
-0.701119475,-80.07381549
-0.954012,-80.711566
-0.696108146,-80.07491279
-0.956369,-80.711219
-0.968774,-80.717245
-0.961694,-80.718496
-0.703583829,-80.09309054
-0.95858,-80.730967
-0.700775762,-80.07401325
-0.601335274,-80.42581496
-0.700757656,-80.07394137
-0.954012,-80.711566
-0.697040395,-80.07743774
-0.700631024,-80.07401328
-0.953143,-80.709294
-0.601543331,-80.42561723
-0.953374,-80.709831
-0.700739576,-80.07400427
-0.958132,-80.709486
-0.700694352,-80.07404023
-0.700504397,-80.07410317
-0.958639,-80.720589
-0.958679,-80.720725
-0.958432,-80.720795
-0.955194,-80.712605
-0.706280055,-80.09548936
-0.688866023,-80.09463899
-0.957589,-80.721492
-0.692917882,-80.09036974
-0.692881662,-80.09019003
-0.692881662,-80.09019003
-0.952924,-80.708109
-0.189685,-80.296326
-0.189685,-80.297012
-0.189685,-80.299072
-0.190029,-80.300102
-0.953732,-80.708444
-0.185222,-80.290146
-0.956944,-80.719276
-0.692908801,-80.09019002
-0.700468219,-80.07413912
-0.692908801,-80.09019002
-0.700395854,-80.07415711
-0.700697261,-80.08877768
-0.700697261,-80.08877768
-0.700233053,-80.07430092
-0.700697261,-80.08877768
-0.694012945,-80.09284975
-0.694148683,-80.09308336
-0.692338778,-80.08959704
-0.692528751,-80.08961497
-0.706108819,-80.09876939
-0.692736866,-80.08989351
-0.600864701,-80.42452091
-0.600819465,-80.42450294
-0.96373899,-80.711912
-0.600222332,-80.42411658
-0.696301665,-80.09306498
-0.958132,-80.709486
-0.600222332,-80.42411658
-0.692800184,-80.08986654
-0.600846606,-80.42450294
-0.694637431,-80.09440425
-0.694537928,-80.09443123
-0.703412694,-80.09689177
-0.692611192,-80.09493483
-0.702943494,-80.10308343
-0.714454139,-80.12314775
-0.694863784,-80.09543763
-0.692375899,-80.09444961
-0.71414641,-80.12233005
-0.714300184,-80.12226711
-0.693705676,-80.09440443
-0.656165555,-80.26797481
-0.698236721,-80.08884106
-0.69656414,-80.09376586
-0.696609386,-80.09384673
-0.695913231,-80.0959137
-0.695530768,-80.08291964
-0.692909456,-80.09358683
-0.692457764,-80.09679501
-0.700461813,-80.08751066
-0.700479929,-80.08762748
-0.703283825,-80.08555111
-0.699881509,-80.08063629
-0.702569477,-80.08706094
-0.705582656,-80.09118506
-0.703736321,-80.08651255
-0.712106074,-80.096953
-0.462124527,-80.45298534
-0.692240525,-80.0961121
-0.695984452,-80.08998275
-0.461482175,-80.45268883
-0.689589634,-80.09420751
-0.689625862,-80.09443216
-0.688730484,-80.09543879
-0.99611,-80.75995
-0.697157216,-80.07350175
-0.69656915,-80.0731514
-0.961677,-80.712259
-0.961677,-80.712259
-0.696171187,-80.07348397
-0.58555,-80.40976667
-0.5844833,-80.40818333
-0.718995785,-80.12541146
-0.58545,-80.4092
-0.462061181,-80.45275169
-0.5833333,-80.41
-0.462694569,-80.45411761
-0.58555,-80.40945
-0.5866833,-80.40936667
-0.583103898,-80.40684583
-0.970974,-80.720443
-0.970376,-80.721058
-0.593,-80.40903333
-0.702752262,-80.09657738
-0.967297,-80.71517
-0.966569,-80.716252
-0.5849667,-80.40995
-0.5868667,-80.40865
-0.5853167,-80.40981667
-0.463056451,-80.45418948
-0.462187967,-80.4544232
-0.5853667,-80.40886667
-0.954528,-80.715234
-0.5857833,-80.40725
-0.5858333,-80.40733333
-0.5858,-80.40703333
-0.957961,-80.728391
-0.962232,-80.717742
-0.958947,-80.717412
-0.0541642,-79.443705
-0.959298,-80.718745
-0.964328,-80.711566
-0.05013969,-79.444208
-0.958982,-80.727814
-0.960555,-80.733048
-0.958972,-80.728213
-0.957849,-80.72923
-0.957592,-80.728658
-0.957978,-80.728761
-0.960838,-80.72889
-0.960838,-80.72889
-0.957008,-80.716272
-0.187652,-80.296556
-0.187979,-80.295799
-0.187872,-80.295451
-0.634481,-80.360332
-0.634829,-80.360419
-0.46053228,-80.45305736
-0.95052,-80.72667
-0.970179,-80.80514
-0.957794,-80.747314
-0.961164,-80.716207
0.0125263,-79.532984
-0.188999,-80.307655
-0.188656,-80.303192
-0.848401663,-80.16368601
-0.849767061,-80.16095374
-0.842168092,-80.16066779
-0.842159097,-80.16090145
-0.977652,-80.703784
-0.956068,-80.70914
-0.956067,-80.709139
-0.971391,-80.721139
-0.971096,-80.721041
-0.849549989,-80.16113352
-0.961754,-80.718465
-0.963162,-80.723559
-0.962736,-80.712772
-0.962687,-80.731582
-0.849332903,-80.16125039
-0.849341882,-80.16094484
-0.849034231,-80.16059443
-0.848826311,-80.16125949
-0.848302038,-80.16315581
-0.848663471,-80.16123257
-0.848998581,-80.16304782
-0.852986313,-80.15533632
-0.845579332,-80.16425278
-0.849767061,-80.16095374
-0.848527904,-80.16181673
-0.849188301,-80.16188849
-0.856966465,-80.15433792
-0.842168092,-80.16066779
-0.849143142,-80.16222101
-0.842159097,-80.16090145
-1.056940297,-80.46079291
-0.849549989,-80.16113352
-0.849242489,-80.16147508
-0.850771521,-80.16240938
-0.849332903,-80.16125039
-1.056252839,-80.46139521
-0.850563475,-80.16249929
-0.850509172,-80.16238247
-0.849341882,-80.16094484
-0.849034231,-80.16059443
-0.849595387,-80.16189738
-0.850300841,-80.16116931
-0.848826311,-80.16125949
-0.850029463,-80.16122328
-0.849667642,-80.16136715
-0.848419916,-80.16442292
-0.848826311,-80.16125949
-0.848663471,-80.16123257
-0.848447094,-80.16460265
-1.054805256,-80.4609191
-1.054334804,-80.46083829
-0.847442022,-80.16033415
-0.847632005,-80.16037905
-0.847876265,-80.16042393
-0.847686923,-80.1633177
-0.847497095,-80.16398276
-1.05597211,-80.4598134
-1.054904759,-80.46084718
-0.847795463,-80.16324579
-1.055818176,-80.45903148
-1.055619175,-80.45920228
-0.847406731,-80.16444111
-1.054081687,-80.46196182
-0.846320938,-80.16336293
-1.059627123,-80.46023519
-1.059916648,-80.46037895
-1.059835217,-80.46032504
-1.060106658,-80.46052272
-1.058406068,-80.4617993
-0.848998581,-80.16304782
-0.849713284,-80.16324537
-1.058433185,-80.46166447
-1.060016175,-80.46044185
-0.849512924,-80.15711645
-1.059998114,-80.4606306
-0.849431576,-80.157431
-1.059898605,-80.46066657
-1.058668356,-80.4613948
-0.848835996,-80.16418917
-2.207243,-79.891438
-1.059699551,-80.46054077
-0.849035007,-80.16415318
-1.055149037,-80.46091905
-1.05979003,-80.46059468
-1.059256295,-80.46077453
-1.059600026,-80.46048686
-0.851214946,-80.16311924
-1.059518598,-80.46045092
-0.952707,-80.711235
-0.95478,-80.728522
-0.99706,-80.705612
-0.994034,-80.703708
-0.981746,-80.711141
-0.845723943,-80.16365063
-0.975145,-80.704451
-1.055782399,-80.46137732
-1.058152673,-80.46133197
-1.05823423,-80.46210491
-1.058053319,-80.46225774
-1.057935725,-80.46234764
-0.96449,-80.723463
-0.963145,-80.723841
-0.951429,-80.725542
-0.188999,-80.304565
-0.848392011,-80.1609091
-0.830657331,-80.18535682
-0.84839207,-80.1611787
-0.848174956,-80.16116976
-0.855746655,-80.16085359
-0.852444907,-80.16157325
-0.846628454,-80.16309326
-0.848825631,-80.15815007
-1.057772904,-80.46247349
-1.057691458,-80.46233869
-1.056903139,-80.45526538
-0.845867664,-80.15895952
-1.05812549,-80.4610893
-0.838449292,-80.1571368
-0.848474088,-80.16393762
-0.846185506,-80.16457617
-0.848718305,-80.16378479
-0.8505264,-80.15843728
-0.845714805,-80.16322826
-0.849233942,-80.16376671
-1.056704032,-80.454834
-0.849369629,-80.16373073
-0.846700209,-80.16026242
-1.057347562,-80.46168264
-1.055247802,-80.45663182
-0.99610999,-80.75994999
-0.849098267,-80.16385661
-0.884146945,-80.10064495
-0.88448255,-80.10432941
-1.057790828,-80.4615028
-1.057709412,-80.46153877
-0.950516,-80.737152
-0.88488939,-80.10334977
-1.057926533,-80.46151177
-0.846628454,-80.16309326
-0.951298,-80.694229
-0.843238362,-80.17368938
-0.883864955,-80.09427345
-0.845867664,-80.15895952
-0.883765522,-80.09457902
-0.883729408,-80.09486661
-0.846375518,-80.16475587
-0.847134381,-80.16002867
-0.838453146,-80.17511029
-0.810733143,-80.16550024
-1.055944221,-80.45555316
-0.886796404,-80.09628576
-0.84697226,-80.16329988
-0.886380243,-80.09613309
-0.886588139,-80.09545904
-0.846827524,-80.16332687
-1.059527691,-80.46071157
-1.059645289,-80.46064863
-0.887737205,-80.09628553
-0.887854807,-80.09629449
-0.887339121,-80.09606995
-1.055862738,-80.45520264
-0.887845608,-80.09567441
-0.887782287,-80.09568341
-1.056469052,-80.4561912
-0.8428379,-80.16242007
-0.847081141,-80.16480065
-1.056487081,-80.4558227
-0.942746,-80.737141
-0.981261,-80.712616
-1.056360319,-80.45522053
-0.847333927,-80.16244606
-0.95606799,-80.7091399
-0.851003693,-80.14865061
-1.056043659,-80.45511273
-0.949077,-80.701178
-0.846248511,-80.16310233
-0.8489522,-80.15779058
-0.84902452,-80.15755691
-0.842521033,-80.1612878
-0.842511991,-80.16130578
-1.053021814,-80.45403472
-0.951907,-80.69597
-0.648941296,-80.29554678
-1.056070747,-80.45481613
-0.484468467,-80.33188076
-0.955872,-80.745172
-0.648859866,-80.29547489
-1.05268628,-80.44951389
-0.487553809,-80.33611308
-0.490449323,-80.34186414
-1.052179715,-80.44984653
-1.048064765,-80.45766666
-0.475848629,-80.45255292
-0.473772515,-80.30397
-0.478318414,-80.45235502
-1.052756,-80.449474
-0.492196931,-80.35810256
-0.492269378,-80.35885742
-0.476832948,-80.33071326
-0.986607,-80.721477
-0.950531,-80.701521
-0.954085,-80.746311
-0.957808,-80.72291
-0.95856,-80.723358
-0.958705,-80.723962
-0.959528,-80.723847
-0.475159214,-80.32972492
-0.954418,-80.71673
-0.952569,-80.71466
-0.952482,-80.714651
-0.952905,-80.71449
-0.952931,-80.716308
-0.953168,-80.716418
-0.952922,-80.716098
-0.475086985,-80.3311987
-0.491817036,-80.35880354
-0.480315951,-80.33100948
-0.492766987,-80.35925278
-0.502986602,-80.42144791
-0.483681411,-80.33194374
-0.483410032,-80.33215944
-0.482505338,-80.33190791
-0.469350825,-80.325403
-0.470580667,-80.32022671
-0.469657937,-80.32053234
-0.476407821,-80.33140526
-0.650090136,-80.29498046
-0.476480182,-80.33127046
-0.475629778,-80.33111777
-0.335070781,-79.76900685
-0.335069653,-79.76012089
-0.335105856,-79.76029159
-0.334897843,-79.76049827
-1.053274653,-80.4513563
-0.407117421,-79.90427665
-0.404956125,-79.90878757
-0.404449373,-79.90734999
-0.403544913,-79.90812284
-0.40442228,-79.90767346
-0.406321672,-79.90623555
-0.402721895,-79.9091383
-0.402812195,-79.90797918
-0.401265533,-79.90905762
-0.401093664,-79.90904866
-0.33452685,-79.75939319
-0.589934219,-80.40661145
-0.334552435,-79.37920562
-0.589934224,-80.40665639
-0.589952331,-80.4067822
-0.588667699,-80.40692612
-0.334834386,-79.75939315
-1.054270412,-80.4547715
-0.589210539,-80.40721364
-0.335015284,-79.7593482
-0.335159997,-79.75927631
-0.589291961,-80.40722262
-0.589111027,-80.4072496
-0.589002465,-80.40724062
-1.054189028,-80.45498723
-0.590006666,-80.40728545
-1.051998821,-80.45008923
-0.401780982,-79.90791642
-1.051971672,-80.4500443
-1.053288052,-80.45499305
-0.399501493,-79.90803353
-1.051935472,-80.4499724
-0.596221559,-80.40479546
-1.051709318,-80.45007131
-0.643955,-80.294737
-0.644277,-80.29507
-1.051582679,-80.4501702
-1.051492215,-80.45019718
-1.052832017,-80.45509532
-1.052053129,-80.45024202
-1.052025976,-80.45017012
-0.590911306,-80.40689893
-0.591517441,-80.40688089
-0.984962,-80.708437
-0.588170231,-80.40793269
-1.05357376,-80.45452895
-0.589780353,-80.40595544
-1.053130147,-80.45273146
-1.053745564,-80.45403459
-1.051601565,-80.45465513
-0.963415,-80.701169
-1.053329154,-80.45259661
-0.59450212,-80.39979902
-1.053437696,-80.45247975
-0.594547349,-80.39975408
-1.053528168,-80.45249771
-1.053627667,-80.45240781
-1.053510063,-80.4524348
-0.949705,-80.700527
-1.053482941,-80.45254266
-1.050598203,-80.4594638
-0.957607,-80.717567
-0.95688,-80.710043
-0.965952,-80.719831
-0.96623,-80.719768
-0.949785,-80.702229
-0.949758,-80.70334
-0.983059,-80.703781
-0.96021,-80.714684
-0.985552,-80.709486
-0.584343345,-80.40716023
-0.589834774,-80.40725851
-0.587247238,-80.4058928
-0.583148741,-80.40317025
-0.589744922,-80.41303699
-0.583266359,-80.40326011
-0.604004041,-80.42532041
-0.848474088,-80.16393762
-0.848718305,-80.16378479
-0.604239332,-80.42600338
-0.8505264,-80.15843728
-0.603877432,-80.42576077
-0.849233942,-80.16376671
-0.849369629,-80.16373073
-0.603859357,-80.42593153
-0.849098188,-80.16349714
-0.583592208,-80.4047968
-0.584080372,-80.40139079
-0.603452266,-80.42609333
-0.848607166,-80.1519942
-0.584469421,-80.40172325
-0.848914665,-80.15165264
-0.603642269,-80.42627305
-0.843536905,-80.13245821
-0.585021561,-80.40438326
-0.844931011,-80.13684341
-0.584207099,-80.40205579
-0.603180891,-80.42638094
-0.852345573,-80.16237309
-0.995244,-80.727123
-1.053673197,-80.45407954
-0.603986132,-80.42705486
-0.589997446,-80.40566784
-1.053419694,-80.45300105
-0.847261857,-80.16383004
-0.847415652,-80.16386595
-0.847614562,-80.16336265
-0.84902452,-80.15755691
-1.053483041,-80.45310889
-0.8489522,-80.15779058
-0.740495381,-80.43785037
-0.380554888,-80.18879378
-1.053537356,-80.45329762
-0.781342491,-80.5142183
-0.603325693,-80.42687519
-1.05370921,-80.45309087
-1.053881295,-80.45419635
-1.053736346,-80.45306391
-0.605080514,-80.4243677
-0.605026232,-80.42435871
-1.054107529,-80.45454684
-1.05399894,-80.45439406
-0.60427552,-80.42601236
-1.060656781,-80.45071686
-1.053590822,-80.44870483
-1.053590822,-80.44870483
-0.602891398,-80.42644387
-1.05352748,-80.44862395
-1.053455094,-80.44856105
-1.054713734,-80.45491523
-1.055582102,-80.45416909
-1.055817241,-80.45371966
-0.987346,-80.702112
-0.846990366,-80.16336279
-0.963859,-80.711608
-0.984311,-80.702097
-0.984481,-80.701033
-0.98361,-80.700756
-0.98361,-80.700756
-0.983585,-80.700681
-0.983726,-80.700855
-0.983377,-80.700543
-0.983649,-80.700654
-0.984237,-80.700714
-0.986038,-80.702426
-0.986987,-80.702625
-0.975039,-80.704264
-0.925902289,-80.20616812
-0.951074,-80.702758
-0.985732,-80.703734
-0.854026732,-80.15575847
-0.854533084,-80.15467096
-0.854198261,-80.15417676
-0.853945148,-80.1550036
-1.054811903,-80.44732947
-0.97066,-80.706091
-1.055455411,-80.45397138
-1.055165714,-80.45285694
-1.45204748,-80.0302016
-1.053908449,-80.45426825
-0.9650289,-80.711743
-1.054026088,-80.454439
-1.054053235,-80.45447494
-1.055248551,-80.46091004
-1.052615928,-80.46101835
-1.055129916,-80.45505897
-1.152841724,-80.39379628
-1.152868845,-80.39370639
-1.054459996,-80.45250653
-1.055211306,-80.45487919
-1.152841735,-80.3938502
-1.054487132,-80.45247957
-1.152959397,-80.39410184
-1.054622826,-80.45242561
-1.055238435,-80.45481627
-1.055392504,-80.45636216
-1.054704241,-80.45238965
-1.054858033,-80.45236266
-1.054821825,-80.45224582
-1.057645024,-80.45549893
-1.058061115,-80.45513036
-1.056402458,-80.43795488
-1.057806493,-80.44776935
-1.055962202,-80.45491502
-1.05514723,-80.45065492
-1.080056845,-80.42148477
-0.95224,-80.7027
-1.05813349,-80.45513035
-0.968444,-80.716666
-1.085593502,-80.42151069
-1.05825108,-80.45502247
-0.950144,-80.704495
-0.522548,-80.441363
-0.950178,-80.723783
-1.057500266,-80.45545402
-0.986706,-80.702991
-0.978888,-80.726348
-0.523127,-80.441095
-1.055427782,-80.45121211
-1.056196754,-80.45114906
-1.056251029,-80.4511131
-1.054921197,-80.4514369
-1.056387046,-80.45288369
-1.056902576,-80.45208368
-0.964599,-80.712066
-1.056233141,-80.45227254
-1.096312796,-80.41545079
-1.098248458,-80.41365283
-1.098248458,-80.41365283
-1.063408661,-80.45991097
-1.05644085,-80.45019631
-1.028673577,-80.48968453
-0.399546657,-79.9075573
-1.029216456,-80.49007991
-0.963742,-80.712762
-0.405453166,-79.90532815
-0.953448,-80.713432
-0.963484,-80.713065
-0.970827,-80.7188
-0.960503,-80.713991
-0.971981,-80.718034
-0.971776,-80.717987
-0.972086,-80.719531
-1.035757619,-80.49154388
-1.035757619,-80.49154388
-1.03550435,-80.49182255
-0.962305,-80.700825
-1.036572247,-80.49405137
-1.0569565,-80.45007938
-0.336227057,-79.75716475
-0.982651,-80.70136
-0.814335979,-80.50760875
-1.057164552,-80.44993553
-0.989561,-80.70157
-0.983843,-80.70111
-0.98574,-80.701862
-0.977875,-80.707121
-0.971171,-80.705112
-0.976176,-80.70277
-0.956749,-80.712774
-1.056875102,-80.45021421
-0.956461,-80.710771
-0.965365,-80.718383
-0.968829,-80.707954
-0.960408,-80.714981
-0.952225,-80.716751
-0.953292,-80.715551
-0.951137,-80.713152
-0.956903,-80.710887
-1.042116684,-80.4858895
-1.042116684,-80.4858895
-1.0633557,-80.46746081
-0.335422388,-79.75990521
-1.0550556,-80.45175
-0.335358998,-79.75933019
-1.053719897,-80.46245621
-0.335377115,-79.75953684
-0.405697557,-79.90649621
-0.33540426,-79.7596177
-0.405019076,-79.90607399
-1.053056,-80.451111
-0.951543,-80.710342
-0.797375903,-80.14202988
-0.796552542,-80.14131113
-0.996734222,-80.46641132
-0.796272521,-80.14328824
-0.981267,-80.708281
-0.794083906,-80.14609251
-0.796835492,-80.15338907
-1.060918418,-80.44669026
-0.795107476,-80.15255367
-0.796127596,-80.14240758
-0.335621223,-79.75866528
-1.0555139,-80.4519
-0.801862149,-80.13868594
-0.801453124,-80.129556
-0.980847,-80.708201
-0.800964146,-80.12730911
-0.800909845,-80.12720128
-0.80089162,-80.12658121
-0.803430905,-80.11408936
-0.955083,-80.7119
-0.80092966,-80.09368152
-0.801201013,-80.09353768
-0.339735715,-79.75047964
-0.811309449,-80.11090641
-0.811363881,-80.11160735
-0.403291513,-79.90722435
-0.819703412,-80.10684264
-1.059380344,-80.44608834
-0.824939436,-80.0992658
-0.55606015,-80.04327984
-0.336344982,-79.75979727
-0.557706519,-80.04321667
-0.336399352,-79.76056996
-0.989022,-80.663958
-0.337403789,-79.76386725
-0.989022,-80.663958
-0.337376702,-79.76424462
-0.377967196,-80.18430999
-0.335404272,-79.75970755
-0.952633,-80.715851
-0.33627285,-79.76159424
-0.335639523,-79.7603095
-1.060194573,-80.44615111
-0.37638567,-80.20140159
-0.335576185,-79.76013879
-0.376258937,-80.20049401
-0.335503808,-79.76001302
-0.335901839,-79.76035439
-0.976194,-80.713179
-0.954418,-80.711131
-0.376476047,-80.20045805
-0.953727,-80.715031
-0.956048999,-80.714405
-0.406647363,-79.90658594
-1.058277109,-80.44877591
-0.954418,-80.7111316
-0.405453182,-79.90544496
-0.9487,-80.75
-0.38133292,-80.18923403
-0.943248,-80.736834
-0.380907702,-80.188848
-0.953341,-80.703971
-0.952175,-80.709506
-1.053592001,-80.45536482
-1.053628208,-80.45547267
-0.407479496,-79.90610062
-1.057960572,-80.44935118
-0.403716486,-79.90594837
-0.685784387,-80.06396062
-0.651099856,-80.40764711
-0.604638072,-80.43241991
-0.604638085,-80.43253674
-0.604556655,-80.43246485
-0.694698617,-80.08339607
-0.604629034,-80.43250079
-0.335946737,-79.75778473
-0.703446487,-80.08469738
-1.05343721,-80.44973846
-0.604610962,-80.43270749
-0.68842318,-80.09683172
-0.963793,-80.731315
-0.960218,-80.718149
-0.963137,-80.69837
-0.96282,-80.698644
-0.951369,-80.715031
-0.971475,-80.707183
-0.604701436,-80.4327614
-1.057021286,-80.45832123
-0.953313,-80.718809
-0.604592871,-80.43273445
-1.057563754,-80.45636178
-0.695197226,-80.08889556
-0.69507059,-80.0889495
-0.951847,-80.699599
-1.056052512,-80.45401621
-0.951586,-80.699404
-0.694934914,-80.08903041
-0.671051691,-80.13084801
-1.05464181,-80.45747678
-0.700377871,-80.074706
-1.053772047,-80.45032261
-0.954904,-80.715337
-1.056776648,-80.45620014
-0.960669,-80.714875
-0.700088433,-80.07489404
-0.699202817,-80.07945922
-0.951293,-80.723626
-0.951504,-80.723389
-0.951625,-80.723483
-0.951776,-80.72368
-0.952038,-80.699214
-0.964712,-80.734426
-0.961677,-80.712959
-0.964669,-80.7093
-0.968908,-80.708
-0.964669,-80.7093
-0.963499,-80.7091
-0.965183,-80.7079
-0.971787,-80.718977
-1.053056,-80.451111
-1.042107637,-80.4858895
-1.042116684,-80.4858895
-0.699003673,-80.07880327
-0.700062378,-80.08036667
-0.699980949,-80.08029479
-0.700026192,-80.08035769
-0.703998792,-80.08718647
-1.0626263,-80.48742308
-1.057563465,-80.45472599
-0.694664281,-80.09291252
-0.700992922,-80.0742828
-0.958355,-80.706869
-0.959639,-80.725322
-0.945804,-80.726038
-0.520155,-80.438225
-0.701644203,-80.07408497
-1.055780437,-80.45024136
-0.961344,-80.731278
-0.521668,-80.43749
-1.055653776,-80.45021442
-0.701825106,-80.07398609
-0.521582,-80.43837
-0.969461,-80.71519
-0.969461,-80.71519
-0.969461,-80.71519
-0.969461,-80.71519
-0.958032,-80.747076
-0.952207,-80.709312
-0.952207,-80.709312
-0.95177,-80.709778
-0.95177,-80.709778
-1.07070559,-80.48975861
-0.700974762,-80.07394132
-0.952903,-80.724886
-0.696183649,-80.09091728
-0.696246902,-80.09055782
-0.95177,-80.709778
-1.070153707,-80.48963287
-0.695903079,-80.09019844
-0.943116,-80.736949
-0.945927,-80.736278
-0.972509,-80.722229
-0.972838,-80.721514
-0.696000054,-80.07724923
-1.070216555,-80.48677469
-0.695631644,-80.08993789
-0.701549757,-80.09984862
-0.695613553,-80.08994688
-0.704290936,-80.10081862
-0.704128114,-80.10086358
-0.701454515,-80.07549585
-1.053203216,-80.45667711
-0.951685,-80.709221
-0.953553,-80.706377
-0.844522031,-80.16943837
-0.951562,-80.710419
-0.95855,-80.738749
-0.963952,-80.731141
-0.969726,-80.705055
-0.959992,-80.717325
-0.961769,-80.714991
-0.9811,-80.704113
-0.960904,-80.714177
-1.054297943,-80.4569915
-1.052940909,-80.45697376
-0.688631003,-80.09558259
-1.052986134,-80.45691982
-1.053284621,-80.45657823
-0.8457523,-80.16928533
-1.053483756,-80.4571714
-1.054533088,-80.45656903
-1.054569261,-80.45648813
-1.054361166,-80.4563893
-1.052886634,-80.45700972
-1.055527369,-80.45161655
-1.055726411,-80.45167943
-0.582754583,-80.04084025
-1.054144173,-80.45714432
-0.979209,-80.703366
-0.971591,-80.702603
-0.951313,-80.727155
-0.705773981,-80.09810447
-0.698001961,-80.09109666
-0.700934662,-80.10008238
-0.696352189,-80.07388831
-0.690356535,-80.08372041
-0.68768059,-80.0926173
-0.692926969,-80.09058541
-0.97345,-80.718755
-1.053482879,-80.45219213
-0.698527042,-80.09317239
-0.690603587,-80.09829607
-1.05768206,-80.46032541
-0.707546262,-80.0941861
-0.705962548,-80.09095134
-0.972411,-80.718117
-0.701358596,-80.09372001
-0.704415728,-80.09132008
-0.71276634,-80.09642267
-0.699101971,-80.07270159
-0.700812297,-80.07577455
-0.700730885,-80.07579254
-0.700866531,-80.07555887
-0.961111,-80.727512
-0.700414221,-80.07554098
-0.700423241,-80.07540619
-0.988782,-80.702865
-0.987463,-80.702899
-0.976595,-80.706869
-0.976655,-80.706859
-0.963466,-80.729321
-0.962432,-80.726721
-0.987242,-80.751226
-0.962699,-80.714648
-0.698625657,-80.08858937
-0.698770386,-80.08854441
-0.697556089,-80.07777013
-0.707700377,-80.09586651
-0.698840194,-80.07552332
-0.698903509,-80.07548736
-0.953111,-80.711259
-0.698713513,-80.07534362
-0.69826123,-80.07546053
-0.698252148,-80.07528081
-0.947387,-80.735489
-0.97021,-80.706713
-0.700160809,-80.07492997
-0.698812925,-80.07486733
-0.698957594,-80.07451684
-0.699518592,-80.07521766
-0.699419086,-80.07522666
-0.840793681,-80.16357979
-0.964616,-80.685079
-0.967652,-80.726509
-0.698686287,-80.0749033
-0.699057256,-80.07529862
-0.969575,-80.695729
-0.698622882,-80.07448995
-0.965689,-80.711154
-1.057492168,-80.46085573
-0.700024785,-80.07325856
-0.966595,-80.708747
-0.699988597,-80.07324059
-0.956787,-80.751192
-0.700205691,-80.07317765
-1.060209403,-80.47926245
-0.698563044,-80.09223781
-1.057510277,-80.4609456
-0.95258,-80.733408
-0.699472958,-80.07318678
-0.699409614,-80.07307895
-0.700282224,-80.09434027
-0.699454866,-80.07318678
-0.699427647,-80.0727824
-0.972889,-80.717513
-0.699310076,-80.07292621
-0.96984,-80.717941
-0.699237741,-80.07309696
-0.955193,-80.713203
-0.952253,-80.711959
-0.972358,-80.715715
-0.95536,-80.719539
-0.968365,-80.710673
-1.047402756,-80.44863401
-1.05910083,-80.45132831
-1.055571828,-80.44726642
-1.053419808,-80.45364817
-1.04060185,-80.46206299
-0.956583,-80.711262
-1.068516198,-80.48953427
-1.078820861,-80.43969446
-1.078802784,-80.43978434
-1.121398,-80.886534
-1.07061393,-80.43191246
-0.961341,-80.714182
-0.700571953,-80.09563424
-0.9160213,-80.71732
-0.953523,-80.708773
-0.954865,-80.725307
-0.700436154,-80.0950861
-0.700635173,-80.09510403
-0.96099,-80.729098
-1.081234,-80.491104
-0.968772,-80.719535
-0.967881,-80.727673
-0.969284,-80.725647
-0.853487501,-80.17197073
-0.959154,-80.724261
-0.944229,-80.72444
-0.944467,-80.73212